{
  "n_alerts": 216,
  "median": 15.11617029588782,
  "p75": 21.22039500772173,
  "p90": 34.05333295566694,
  "p95": 41.707902866514836,
  "p99": 76.29501743913484,
  "exceedance": {
    "2.0": 1.0,
    "3.0": 1.0,
    "4.0": 0.9953703703703703,
    "6.0": 0.9537037037037037,
    "8.0": 0.8379629629629629,
    "10.0": 0.7638888888888888,
    "15.0": 0.5,
    "20.0": 0.27314814814814814,
    "30.0": 0.12037037037037036,
    "50.0": 0.041666666666666664,
    "75.0": 0.013888888888888888,
    "100.0": 0.004629629629629629
  }
}