{
  "counts": {
    "bracket_all": 216,
    "proxy_all": 216,
    "intersection": 216,
    "bracket_only": 0,
    "proxy_only": 0
  },
  "corr": 0.04509424344219228,
  "bracket_intersection": {
    "n_trades": 216,
    "sum_pnl": -25.391098056408822,
    "mean_pnl": -0.11755137989078158,
    "p_win": 0.06481481481481481,
    "max_dd": 25.566699352308405,
    "sharpe": -364.6091995574824
  },
  "proxy_intersection": {
    "n_trades": 216,
    "sum_pnl": 5.028609160541617,
    "mean_pnl": 0.023280597965470447,
    "p_win": 0.8472222222222222,
    "max_dd": 0.07156132751524558,
    "sharpe": 682.1275216177277
  },
  "bracket_all": {
    "n_trades": 216,
    "sum_pnl": -25.391098056408822,
    "mean_pnl": -0.11755137989078158,
    "p_win": 0.06481481481481481,
    "max_dd": 25.566699352308405,
    "sharpe": -364.6091995574824
  },
  "proxy_all": {
    "n_trades": 216,
    "sum_pnl": 5.028609160541617,
    "mean_pnl": 0.023280597965470447,
    "p_win": 0.8472222222222222,
    "max_dd": 0.07156132751524558,
    "sharpe": 682.1275216177277
  }
}