{
  "n_trades": 10,
  "sum_pnl": -241.6588135172903,
  "mean_pnl": -24.16588135172903,
  "p_win": 0.2,
  "max_dd": 317.11747091283644,
  "sharpe": -167.16099564248447,
  "mean_r": -0.4207932353921547,
  "sharpe_r": -248.4155214871169,
  "alerts": 216
}